{"@/Modelling/Tripod/ActuatedArm1/ServoMotor/BaseFrame/dofs.position": [-21.650635094610955, -1.35, 12.500000000000014, 0.0, 0.8660254037844386, 0.0, 0.5000000000000001], "@/Modelling/Tripod/ActuatedArm0/ServoMotor/BaseFrame/dofs.position": [7.34788079488412e-15, -1.35, -25.0, 0.0, 0.0, 0.0, 1.0], "@/Modelling/Tripod/ActuatedArm2/ServoMotor.angleIn": -1.496500015258789, "@/Modelling/Tripod/ActuatedArm1/ServoMotor.angleIn": -1.496500015258789, "@/Modelling/Tripod/ActuatedArm0/ServoMotor.angleIn": -1.496500015258789, "@/Modelling/Tripod/ActuatedArm2/ServoMotor/BaseFrame/dofs.position": [21.650635094610983, -1.35, 12.499999999999968, 0.0, 0.8660254037844387, -0.0, -0.4999999999999998]}